category,description
Alimentacion,Supermarkets and grocery stores
Restaurantes,"Restaurants, delivery and takeout"
Transporte,"Ride-hailing, fuel and public transport"
Entretenimiento,Streaming and other entertainment subscriptions
Salud,"Pharmacies, clinics and health insurance"
Servicios,"Utilities: power, water, gas, phone, internet"
Educacion,Tuition and courses
Vivienda,Rent and housing
Ropa,Clothing and accessories
Comisiones bancarias,Bank fees and the ITF tax
Ingreso,Salary and other income
Pago de tarjeta,Credit card payments
Transferencias,Transfers to someone else's account
Otros,Anything that does not fit another category
